NR_index,sentence,TSR_index
,"(1966), which co-starred then husband Richard Burton and the Supporting Actress Oscar-winner, Sandy Dennis.",160.0
,"1944, Kathleen Kennedy, known to friends as ""Kick,"" married William Cavendish, Marquess of Hartington, a Protestant and the eldest son and heir of the 10th Duke of Devonshire.",135.0
,"Abraham Lincoln (February 12, 1809 – April 15, 1865), sometimes called Abe Lincoln and nicknamed Honest Abe, the Rail Splitter, and the Great Emancipator, was the 16th President of the United States (1861 to 1865), and the first president from the Republican Party.",187.0
,"Abraham Simpson is estranged husband to Mona Simpson, father to Homer Jay Simpson and Herbert Powell, father-in-law to Marjorie Bouvier Simpson and grandfather to siblings Bartholomew J. Simpson, Lisa Marie Simpson and Margaret Simpson.",132.0
114.0,"According to Errol Flynn's memoirs, film director Raoul Walsh 'borrowed' Barrymore's body after the funeral, and left his corpse propped in a chair for a drunken Flynn to discover when he returned home from The Cock and Bull bar.",
316.0,"After World War II, Kennedy entered politics (partly to fill the void of his popular brother, Joseph P. Kennedy, Jr., on whom his family had pinned many of their hopes but who was killed in the war).",
303.0,"After a career-ending injury, Howard joined the staff at Clemson College and became head coach in 1939.",260.0
,"After a period spent traveling abroad with her family, she enrolled in the University of Chicago in 1912, graduating in 1914.",79.0
,"After a stint in the Army where he rose to the rank of corporal, he moved to California for a try at show business.",171.0
,"After a stint with investment banking firm A. G. Becker from 1960 to 1962, he was elected to the United States House of Representatives from Illinois in 1962, at the age of 30, and was re-elected in 1964, 1966, and 1968.",255.0
49.0,After a two-day trial she was banished as a heretic in 1638 and led 60 followers to settle Aquidneck Island in what later became Rhode Island.,363.0
,"After completing high school in 1965, Rodham enrolled at Wellesley College in Massachusetts where she became active in politics, serving, for a time, as President of the Wellesley College Chapter of the College Republicans.",102.0
331.0,"After earning his degree, Bush went to work in an entry level position in the international division of Texas Commerce Bank, which was run by Ben Love.",284.0
,"After graduating from Andover, an exclusive New England boarding school, Libby graduated from Yale University in 1972, where one of his professors was Paul Wolfowitz.",81.0
,"After graduating from Michigan Agricultural College (now Michigan State), he attended law school at the University of Michigan in 1891 before launching his career as a journalist in 1892 with the Chicago News-Record, where he covered the Pullman Strike and Coxey's Army in 1893.",92.0
,After he died the Koldewey Society was established to record and mark his architectural service.,77.0
248.0,"After he left the Pentagon, he became publisher and chairman of Forbes magazine, where over the next decade he wrote frequently on defense and national security issues.",
250.0,"After he published his book, his colleages from the Reagan administration broke contact and refused to speak with him.",
,"After high school, Hanks attended Chabot College in Hayward, California and transferred to California State University, Sacramento where he studied theatre.",85.0
,"After his family returned to their home in New York, Roosevelt started intensive tutoring under Arthur Hamilton Cutler in preparation for the Harvard University entrance exam.",63.0
,"After his khâgne at Lycée Henri IV, where he befriended Senegalese poet and statesman Leopold Sedar Senghor, he graduated from the École Normale Supérieure with a degree of Agrégation in philosophy.",71.0
50.0,"After many football insiders criticized Manning for being 0-3 in the playoffs, he won his first NFL playoff game against the Denver Broncos on January 4, 2004.",
,"After marrying Richard Burton, Taylor relinquished her American citizenship, and is now a ""permanent resident"" of the U.S. After marrying Republican Senator John Warner, of Virginia, she received a ""green card"" and keeps her British passport.",158.0
276.0,After studying at the Louisiana State University he joined the Monroe Police Department.,
287.0,"After the show was cancelled, he played a handyman on the series The Facts of Life.",
1.0,"After this initial success, Ford left Edison Illuminating and, with other investors, formed the Detroit Automobile Company.",356.0
121.0,"After two years of toiling in California he began passage home, by ship, to retrieve his family in New York.",
149.0,"Aged 86 at death, Groucho was the longest-lived of all the Marx brothers, though younger brother Zeppo survived him by two years.",
,"Aldous Leonard Huxley (July 26, 1894 – November 22, 1963) was a British writer who emigrated to the United States.",296.0
,"Alexander Gretchaninoff (October 25, 1864 Moscow, – January 3, 1956 New York) was a Russian Romantic composer, a student of Sergei Taneyev and Nikolai Rimsky-Korsakov known for his children's music, and also for his liturgical and other choral music.",330.0
15.0,"Alexander Rae Baldwin III (born April 3, 1958, in Massapequa, Long Island, New York, USA) is an American actor who is the oldest and best known of the ""Baldwin brothers"", with brothers Daniel, Stephen and William.",
,"Alexander Rae Baldwin III (born April 3, 1958, in Massapequa, Long Island, New York, USA) is an American actor who is the oldest and best known of the 'Baldwin brothers', with brothers Daniel, Stephen and William.",226.0
138.0,"All members of the Bouvier family (except, of course, Marge) smoke heavily and have gruff voices and sarcastic, snarky demeanours.",
294.0,Also as a child he severely injured his arm when he put the arm through a door's glass pane.,
11.0,"Although Ford is often credited with the idea, contemporary sources indicate that the concept and its development came from employees Clarence Avery, Peter E. Martin, Charles E. Sorensen, and C.H. Wills.",
,"Although she was christened Rose Marie Kennedy, she was commonly known as Rosemary.",130.0
,"An opponent of the policies of Andrew Jackson, he was the first member of the Whig Party to be elected governor of Tennessee.",207.0
,"Anna Eleanor Roosevelt (October 11, 1884 – November 7, 1962) was an American human rights activist, statesman, journalist, educator, author, diplomat and as the wife of President of the United States Franklin D. Roosevelt, the longest serving First Lady of the United States from 1933-1945.",144.0
47.0,"Anne Hutchinson (July 17, 1591 - August 20, 1643) was the unauthorized Puritan preacher of a dissident church discussion group, and pioneer in Rhode Island and the Bronx.",
310.0,"Another example of Kennedy's belief in the ability of nonmilitary power to improve the world was the creation of the Peace Corps, one of his first acts as president.",
,Anton Seidl (7 May 1850 - 28 March 1898) was a Hungarian conductor.,308.0
,"Arnold Alois Schwarzenegger (born July 30, 1947 in Thal, Styria, Austria) is an Austrian-American actor, Republican politician, and bodybuilder, currently serving as the 38th Governor of California.",33.0
,"Around the time of Nirvana's 1992 performance on Saturday Night Live, Love discovered that she was pregnant with Cobain's child (Frances Bean Cobain).",245.0
,"As he once joked, he was the youngest ex-governor in the nation's history.",6.0
100.0,"As their desire for wealth grows, they discard spiritual and creative values.",
,"At Harvard, Roosevelt did well in science, philosophy, and rhetoric but fared poorly in classical languages.",142.0
222.0,"At an early age, he was profoundly marked by the death of his elder brother Gérard, later prompting him to write the book Visions of Gerard.",
220.0,"At home, he and his family spoke Quebec French.",
93.0,At one point when a newscaster was conducting a conversation with both of them he asked Dole if he had anything to say to Bush.,
,"At seventeen he commenced regular medical studies at Charing Cross Hospital, where he had obtained a scholarship, but was kicked out because he had gotten a numberous amount of newly hired nurses pregnant.",50.0
185.0,"At the academy, he established a reputation as a fearless and expert horseman.",20.0
,"At the age of 21, she married William Hutchinson.",141.0
246.0,At the end of the war he was a captain on General Douglas MacArthur's intelligence staff.,
262.0,"At the time, it was not possible for the authorities in each area to link the two convictions which would have resulted in the second offence being viewed much more seriously.",
339.0,"At the urging of his wife, Columba, a devout Mexican Catholic, the Protestant Bush became a Roman Catholic.",
,"August Schleicher (February 19, 1821 - December 6, 1868) was a German linguist.",172.0
,"August Schleicher (February 19, 1821 - December 6, 1868) was a German linguist.",295.0
17.0,"Baldwin has appeared in movies such as The Cooler, The Hunt for Red October, Beetlejuice, Ghosts of Mississippi, Talk Radio, Final Fantasy: The Spirits Within (voice), The Cat in the Hat, Pearl Harbor, Thomas and the Magic Railroad, Along Came Polly, The SpongeBob SquarePants Movie, and The Aviator.",
20.0,"Baldwin, a liberal Democrat, has always had an active interest in politics and is frequently rumored to be a candidate for public office.",37.0
,Ball however was elected to the Senate for the same seat in 1942.,355.0
,"Barry played at the University of Miami in the early-mid 1960s, where he lead the NCAA in scoring.",83.0
,"Barrymore was married to Welsh bartender turned bar owner, Jeremy Thomas, from March 20 to April 28, 1994, and to comedian Tom Green from July 7, 2001 to October 15, 2002 (Green filed for divorce in December 2001).",145.0
,Benjamin Everett Jordan (8 September 1896 - 15 March 1974) was a Democratic U.S. senator from the state of North Carolina between 1958 and 1973.,11.0
224.0,"Besides his film roles, he appeared on the television screen often later is his career.",
,"Between 1954 and 1956, Gail Davis starred as the Western sharpshooter, Annie Oakley in the Annie Oakley television series on the ABC network.",288.0
,"Billy Andrade (born January 25, 1964 Bristol, Rhode Island) is an American golfer.",181.0
,"Billy Andrade (born January 25, 1964 Bristol, Rhode Island) is an American golfer.",300.0
,"Born Anne Mobley in Omaha, Nebraska, she attended Bennington College and became interested in the theatre.",49.0
,"Born in Boston into one of the country's most prominent families (both his great-grandfather and his grandfather had been Presidents of the United States), Adams, after his graduation from Harvard in 1858, embarked on a Grand Tour of Europe, during which he also attended lectures in civil law at the University of Berlin.",115.0
,"Born in Los Angeles, California, he is the son of Italian-American actress Talia Shire and Jack Schwartzman, who is of Jewish descent.",337.0
,"Born to Jamaican immigrants, her father a welder, her mother a nurse, Abbott went to Harrow County Grammar School and then to Newnham College, Cambridge where she read history.",339.0
,"Brice Lalonde (born February 10, 1946) is a former socialist and Green Party leader in France, who ran for President of France in 1981.",16.0
,"Bush accepted a contract that paid $2 million dollars in stock over five years to work for Grace Semiconductor Manufacturing Corp., a firm backed by Jiang Mianheng, the son of former Chinese President Jiang Zemin.",285.0
,"Bush attended high school at the exclusive private St. Albans School in Washington, DC.",109.0
340.0,"Bush attended the University of Texas at Austin, where he graduated Phi Beta Kappa with a Bachelor's degree in Latin American Studies in 1973, taking only two and a half years to complete his work, and obtaining generally excellent grades.",105.0
,"Bush began his oil industry career in 1979 when he established Arbusto Energy with Salem bin Laden, an oil and gas exploration company he financed with his education trust fund surplus and money from other investors.",375.0
334.0,"Bush co-founded the first charter school in the State of Florida: Liberty City Charter School, a grades K-6 elementary school.",386.0
,"Bush is a Republican, and has Dick Cheney as his Vice President.",23.0
,Bush is a lifelong member of the Republican Party and was a businessman in both the oil and professional sports industries.,22.0
345.0,"Bush stayed in Houston with another family to finish the school year, and spent most summers and holidays at the family estate, known as the Bush Compound.",
45.0,Bush was a soldier in the French and Indian Wars and a Captain in the American Revolution and is the great-great-great-great-great grandfather of president George W. Bush.,
,Bush was elected to a second term in the 2004 election.,316.0
109.0,"But White intervened, and arranged for the still-teenaged Evelyn to undergo an operation for appendicitis.",
57.0,"By most accounts, Aristotle Onassis did not play a particularly significant role in young John's life.",
,"By most accounts, his early life was happy, and he lived as a part of the typical American family.",265.0
194.0,"By the 1964 election, Reagan was an outspoken supporter of conservative Republican Barry Goldwater.",
41.0,By training he was a blacksmith but when the American Revolution broke out militia Captain Bush led a company of soldiers for the Continental Army.,
283.0,"Carlucci was deputy defense secretary from 1981 until 1986, national security advisor from 1986 until 1987, and defense secretary in 1987, following the resignation of Weinberger, his nomination by President Ronald Reagan and his confirmation in the Senate by a vote of 91 to 1.",
,"Carmine Coppola (born June 11, 1910 in New York City, died April 26, 1991 in Northridge, CA) was a composer, editor, musical director, and songwriter.",196.0
70.0,"Caroline Mathilde, retaining her title but not her children, eventually left Denmark in exile and passed her remaining days in neighbouring Celle.",
,"Carrie Fisher (born October 21, 1956) is an American actress, screenwriter and novelist.",343.0
,"Carroll is generally considered one of the best head coaches in the college ranks, as well as one of the sport's top recruiters.",66.0
179.0,"Catherine introduced, and made fashionable, the custom of drinking tea in England.",
,"Catherine of Braganza (25 November 1638 – 30 November 1705), or Catarina de Bragança was the queen consort of King Charles II of England.",137.0
,"Charles Francis Adams, Jr. (May 27, 1835 – May 20, 1915), a member of the prominent Adams political family and son of Charles Francis Adams, Sr., graduated at Harvard in 1856, and served on the Union side in the American Civil War, receiving in 1865 the brevet of brigadier-general in the regular army.",184.0
171.0,"Charles II married on May 3 or May 21, 1662, in Portsmouth, and her dowry brought Tangier and Bombay to British control.",
265.0,"Cheney was elected to represent Wyoming in the U.S. House of Representatives to replace Teno Roncalio, who had resigned from Congress.",
279.0,"Cheney's former chief of staff, Lewis Libby, is one of the main figures under investigation.",
60.0,"Christian VII (January 29, 1749–March 13, 1808), King of Denmark and Norway, Duke of Schleswig and Holstein.",
69.0,"Christian signed Struensee's arrest warrant with indifference, and under pressure from his paternal grandmother, Sophie Magdalene of Brandenburg-Kulmbach, who had led the movement to have the marriage dissolved.",
,"Clampett worked for a time at Screen Gems as a writer and gagman, but in 1949, he turned his attentions to television where he created the famous puppet show Time for Beany.",238.0
,"Clara Blandick (born June 4, 1881 in Hong Kong; died April 15, 1962 in Hollywood, California) was a twentieth century American actress best known for her portrayl of Auntie Em in the 1939 film The Wizard of Oz.",227.0
,"Claude-Louis Navier (born Claude Louis Marie Henri Navier on February 10, 1785 in Dijon, died August 21, 1836 in Paris) was a French engineer and physicist.",325.0
,Clooney left AMC to run as a Democrat in the 2004 election for a seat in the House of Representatives representing Kentucky's 4th Congressional district.,18.0
79.0,Clooney was Ferrer's third wife.,
27.0,"Clooney's first recordings, in May of 1946 were for Columbia Records as a singer with the big band of Tony Pastor.",271.0
,"Cobain and Nirvana were highly influential, popularizing what came to be known as 'grunge music'.",261.0
158.0,Coltrane began playing music and practicing obsessively at about this time.,
,"Connop Thirlwall (January 11, 1797 - July 27, 1875) was an English bishop and historian.",346.0
189.0,"Considered the icon of American liberalism, Kennedy is the youngest person ever to be elected president of the country, at the age of 43.",
,"Coppola studied theatre at Hofstra University prior to studying film at UCLA and while there, he made numerous short films, including some soft core porn films.",45.0
,"Culbert Levy Olson (November 7, 1876 - April 13, 1962) was a U.S. politician.",333.0
,"Dame Elizabeth Taylor, DBE, (born February 27, 1932) is an Academy Award winning Anglo-American actress.",224.0
,"David Shire (born July 3, 1937 in Buffalo, New York) is an Jewish-American composer of film scores and Broadway musicals.",294.0
,De Forest went to Mount Hermon School and then enrolled at the Sheffield School of Science at Yale University in 1893.,93.0
,"Debbie Reynolds (born April 1, 1932) is an American actress and singer.",299.0
,"Debbie Reynolds (born April 1, 1932) is an American actress and singer.",178.0
173.0,"Despite Charles's reputation as a womaniser, Catherine never gave birth to a live heir, though she had several pregnancies, the last being in 1669.",
,"Despite leaving the band for an acting career, he still composes music for some films.",369.0
,"Despite the poverty he grew up in, he managed to win a scholarship to the Laurinburg Institute in North Carolina.",74.0
,"Dewey officially remained an active officer of the Navy until his death, as a special honor after he passed retirement age.",153.0
,"Diane Julie Abbott (born September 27, 1953 in Paddington, London) is a British Labour Member of Parliament for Hackney North and Stoke Newington constituency.",38.0
295.0,"Doctors were able to save the arm, but the injury bothered him for many years.",
95.0,"Dole studied Law at KU, but his studies were interrupted by the start of World War II.",
90.0,"Dole took many odd-jobs around Russell as a boy, and would later work as a soda jerk in the local drug store.",
,"Donald Rumsfeld graduated from New Trier High School and attended Princeton University on scholarship (BA, 1954) where he was an accomplished amateur wrestler and served in the United States Navy (1954-57) as a Naval aviator.",89.0
,Dorothy attended Miss Porter's School and earned a B.A. from Boston College in 1982.,58.0
,"During her second year in law school, she volunteered at the Yale Child Study Center, learning about new research on early childhood brain development.",283.0
157.0,"During his seventh-grade school year, Coltrane experienced three deaths in his close-knit family; he lost his aunt, his grandfather, and his father.",
286.0,"During his time, he also befriended another actor named Grant Heslov, a close friend and frequent collaborator with Clooney who co-wrote Good Night, and Good Luck., and is the president of Clooney and director Steven Soderbergh's production company Section 8 Entertainment.",
105.0,"During the 1940s, Coppola worked under Arturo Toscanini with the NBC Symphony Orchestra.",243.0
,"During the summer of 1970, she was awarded a grant to work at the Children's Defense Fund in Cambridge, Massachusetts.",281.0
3.0,"During this period, he personally drove his Quadricycle to victory in a race against Alexander Winton, a well-known driver and the heavy favorite on October 10, 1901.",
190.0,"During this period, he published Profiles in Courage, highlighting eight instances in which U.S. Senators risked their careers by standing by their personal beliefs.",
312.0,"During this period, he published Profiles in Courage, highlighting eight instances in which U.S. Senators risked their careers by standing by their personal beliefs.",
,"Earling Carothers Garrison (November 20, 1921 - October 21, 1992) — who changed his first name to simply Jim in the early '60s — was District Attorney of New Orleans, Louisiana from 1962 to 1973; he is best known for his investigations into the assassination of President John F. Kennedy.",199.0
247.0,"Early in life, he developed an interest in politics and history, and, during the war years, a special admiration for Winston Churchill, whom he would later cite as an important influence.",
13.0,"Edsel's widow Eleanor, who had inherited Edsel's voting stock, wanted her son Henry Ford II to take over the position.",
,"Edward George Bulwer-Lytton, 1st Baron Lytton (May 25, 1803–January 18, 1873) was an English novelist, playwright, and politician.",182.0
,"Elisha Archibald Manning III (born May 19, 1949) is an American former quarterback in professional American football.",195.0
,"Elisha Archibald Manning III (born May 19, 1949) is an American former quarterback in professional American football.",313.0
,"Elizabeth Taylor won the Academy Award for Best Actress in a Leading Role for her performances in BUtterfield 8 (1960), which co-starred then husband Eddie Fisher, and then again for Who's Afraid of Virginia Woolf?",159.0
,"Encke studied mathematics and astronomy from 1811 at the University of Göttingen under Carl Friedrich Gauss; but he enlisted in the Hanseatic Legion for the campaign of 1813–1814, and became lieutenant of artillery in the Prussian service in 1815.",99.0
178.0,"Erasmus Darwin (December 12, 1731 – April 18, 1802) trained as a physician and wrote extensively on medicine and botany, as well as poetry.",230.0
254.0,"Erdoğan played semi-professional football for 16 years and worked for Istanbul's municipal transport company, and became active in politics with the now-defunct Islamist National Salvation Party (Milli Selâmet Partisi), led by Necmettin Erbakan.",
,Erich Honecker (25 August 1912 - 29 May 1994) was a German Communist politician who led East Germany from 1971 until 1989.,28.0
48.0,"Eventually, John Winthrop decided to take Hutchinson out of power before her influence became too strong among the community's men.",
78.0,"Ferrer also directed, but did not appear in, Return to Peyton Place in 1961 and also the re-make of State Fair in 1962.",
83.0,Ferrer also had a recurring role as Julia Duffy's insanely wealthy Waspy father on the popular Newhart television sitcom in the U.S. in the 1980s.,
33.0,"Finally, toward the end of 1958, she signed with RCA Victor Records, where she stayed until 1963 except for doing some recordings in 1960 for Reprise Records.",275.0
,"Finding law school tedious, however, Roosevelt found other diversions, including the completion of his first published book, The Naval War of 1812 (1882).",124.0
,"Fisher has had one husband, musician Paul Simon (married 1983-divorce 1984).",166.0
,"Fitzgerald was born in Boston, Massachusetts, the son of Irish immigrants.",321.0
175.0,"Following his death, Catherine remained in England through the reign of James II of England and returned to Portugal during the joint reign of William III and Mary II.",
,"Following his involvement there in a program to teach the analytical approaches used in business to officers of the Army Air Forces, he entered the Army as a captain in early 1943, serving under Col. Curtis LeMay with analysis of U.S. bombers' efficiency and effectiveness as a major responsibility.",215.0
332.0,"Following the 1980 presidential election, Bush and his family moved to Miami-Dade County, Florida.",
,"Following the campaign, King was instrumental in the founding of the Southern Christian Leadership Conference (SCLC) in 1957, a group created to harness the moral authority and organizing power of black churches to conduct nonviolent protests in the service of civil rights reform.",370.0
170.0,"Following the restoration of Portuguese independence from Spain, and her father's accession to the throne on December 1, 1640, Catherine was engaged to Charles II.",
234.0,"Following this he returned to Philadelphia in 1726 with the help of a merchant named Thomas Denham, who gave Franklin a position as clerk, shopkeeper and bookkeeper in Denham's merchant business.",
130.0,"For a time in the summer of 1823, his expedition was joined by Italian explorer Giacomo Beltrami.",
225.0,"For his contribution to the television industry, J. Carrol Naish has a star on the Hollywood Walk of Fame at 6145 Hollywood Blvd.",
7.0,"Ford was born on a prosperous farm in Springwells Township (now in the city of Dearborn, Michigan) owned by his parents, William Ford (1826-1905) and Mary Litogot (c1839-1876), immigrants from County Cork, Ireland.",
4.0,"Ford was forced out of the company by the investors, including Henry M. Leland in 1902, and the company was reorganized as Cadillac.",
144.0,"Four months later, he was killed by a German sniper in World War II.",
,"Frank Charles Carlucci III (born October 18, 1930) was a government official in the United States, associated with the Republican Party.",7.0
,"Frank Durward White (June 4, 1933 - May 21, 2003) was the Republican governor of the U.S. state of Arkansas from 1981 to 1983.",21.0
301.0,"Frank J. Howard (March 25, 1909 - January 26, 1996) was an American college football player and coach.",338.0
72.0,"Franklin James Schaffner (May 30, 1920 – July 2, 1989) was an American film director.",185.0
,"Friedrich Wilhelm Bessel (July 22, 1784 – March 17, 1846) was a German mathematician, astronomer, and systematizer of the Bessel functions (which, despite their name, were discovered by Daniel Bernoulli).",290.0
,"From 1993 to 2002, she was married to actor Alec Baldwin, with whom she later engaged in a long legal custody battle regarding their child.",143.0
,"Garrett Birkhoff (January 19, 1911 - November 22, 1996) was an American mathematician who was born in Princeton, New Jersey, USA and died on November 22,1996 in Water Mill, New York, USA.",347.0
,"Generally regarded as a member of the moderate New Democrat wing of the Democratic Party, he headed the centrist Democratic Leadership Council in 1990 and 1991.",17.0
322.0,"George David Birkhoff (21 March 1884 - 12 November 1944) was an American mathematician, and one of the most important leaders in mathematics in the USA in his generation.",291.0
266.0,"George W. Bush in March or April, 2005, to be General Counsel of the Department of Homeland Security.",
,"Georges Jean Raymond Pompidou (July 5, 1911 – April 2, 1974) was President of France from 1969 until his death in 1974.",188.0
,"Godfrey Lionel Rampling (born May 14, 1909) is a former British athlete and army officer, winner of gold medal in 4x100 m relay at the 1936 Summer Olympics.",329.0
337.0,"Governor Buddy MacKay (55% to 45%) to become governor, after courting moderate voters and Hispanics.",
,"Grace Anna Goodhue Coolidge (January 3, 1879 – July 8, 1957) was wife of Calvin Coolidge and First Lady of the United States from 1923 to 1929.",163.0
,"Grace Anna Goodhue Coolidge (January 3, 1879 – July 8, 1957) was wife of Calvin Coolidge and First Lady of the United States from 1923 to 1929.",228.0
186.0,"Grant drank distilled liquor and, during the American Civil War, began smoking huge numbers of cigars (one story had it that he smoked over 10,000 in five years) which may well have contributed to his throat cancer of later life.",
150.0,Groucho did a German accent.,
156.0,HCC is a publicly traded insurance company on the New York Stock Exchange.,
,"HRH Prince Pavle of Yugoslavia (April 27, 1893, Saint Petersburg, Russia – September 11, 1976, Paris, France) of the Royal House of Karadjordjevic was regent of Yugoslavia for his nephew, His Majesty King Peter II.",210.0
182.0,"Hamer erroneously nominated him as Ulysses Simpson Grant, and although Grant protested the change, it was difficult to resist the bureaucracy.",
,Hanks has been married to actress Rita Wilson since 1988.,118.0
,"Hanks is a Democrat and has supported many candidates, including Hilary Clinton, Diane Feinstein, Al Gore, and John Kerry.",32.0
,"Harken reported significant financial losses within a year of this sale, triggering allegations of insider trading.",322.0
,"Hasso-Eccard Freiherr von Manteuffel (January 14, 1897 — September 24, 1978) was a German General during World War II.",335.0
,He acquired his early education in Europe at venerable institutions such as the University of Leiden while accompanying his father while the elder Adams was serving as an American envoy to France and later the Netherlands during the Revolutionary War.,106.0
,He also created the Defense Intelligence Agency and the Defense Supply Agency.,384.0
292.0,He also got to dance and sing as well and held his own against the other cast.,
84.0,He also had a memorable recurring role as elegant and flamboyant attorney Reuben Marino on the soap opera Another World in the early 1980s.,
223.0,He also played for the New Haven Eagles and Bronx Tigers of the Canadian-American Hockey League.,
91.0,"He also ran unsuccessfully for the Republican Presidential nomination in 1980 and made a more serious bid for the Republican presidential nomination in 1988, losing to then-Vice President George H.W. Bush.",
118.0,He and his wife had seven children.,
74.0,"He appeared in 1953's Miss Sadie Thompson opposite Rita Hayworth, in 1954's The Caine Mutiny and the MGM musical Deep in My Heart.",
,"He arrived at the mouth of the bay late the night of April 30, and the following morning he gave the order to attack at first light, by saying the now famous words 'You may fire when ready, Gridley'.",162.0
,"He arrived in Western Australia in October 1880 and immediately took up an appointment to the position of Colonial Secretary, and a nomination to the Western Australian Legislative Council.",173.0
,He attained the rank of lieutenant commander in 1865.,180.0
,"He attended Florida State Normal and Industrial College and received an LLB from Stetson University, after which he enlisted in the Marine Corps.",108.0
,"He attended Harvard Law School, but left before his final year to volunteer as a United States Navy flier.",68.0
,He attended Wake Forest University.,65.0
,"He attended secondary school (Volksschule), and learned the trade of a joiner.",376.0
155.0,He became a banker in Boston and was active in the local Democratic Party.,223.0
65.0,"He became submissive to upstart Johann Friedrich Struensee, who rose steadily in power in the late 1760s.",
,"He briefly worked for the FBI, then went into private law practice.",246.0
52.0,"He coached at Winston-Salem State University from 1946 to 1993, compiling a 828-447 record.",236.0
272.0,"He decided after three semesters to take some time off from Yale, on account of difficulty with his studies.",
43.0,"He died in Springport, New York in 1815.",
122.0,"He died, however, aboard ship and was given a sea burial.",351.0
,"He directed the preparation of the star-maps of the Berlin Academy (1830–1859), edited from 1830 and greatly improved the Astronomisches Jahrbuch, and issued four volumes of the Astronomische Beobachtungen of the Berlin observatory (1840–1857).",278.0
,"He enrolled at Harvard Medical School for one year, but withdrew following the death of his father in 1881.",87.0
245.0,"He entered the U.S. Army as a private in 1941, was commissioned, and served in the Pacific theater.",
86.0,He flew a P-38 Lightning in the North African campaign of November 1942.,
,"He founded the University of Chicago in 1890, the Rockefeller Institute for Medical Research (now Rockefeller University) in New York City in 1901, the General Education Board in 1902, the Rockefeller Foundation in 1913, and the Laura Spelman Rockefeller Memorial in 1918, as well as giving large gifts to other institutions.",359.0
,"He graduated Phi Beta Kappa and magna cum laude (21st of 177) from Harvard University in 1880, and entered Columbia Law School that same year.",62.0
167.0,"He graduated and practiced law in a small firm which folded, then moved on to the firm of Rosenman, Colin, Kaye, Petschek and Freund, which had CBS Records as a client.",
,He graduated from Harvard University in 1787 and was elected to Phi Beta Kappa.,107.0
184.0,"He graduated from West Point in 1843, ranking 21st in a class of 39.",15.0
,He graduated from the U.S. Military Academy in 1847 and was commissioned a second lieutenant in the 4th U.S. Artillery.,221.0
,"He graduated in 1937 from the University of California, Berkeley with a degree in economics and philosophy, and earned a master's degree from the Harvard Graduate School of Business Administration in 1939.",84.0
58.0,He graduated in 1983 with a bachelor's degree in history.,
99.0,He guest-starred as himself on NBC's Brooke Shields sitcom Suddenly Susan in January 1997 (shortly after losing the presidential election).,
,He had been educated at Oxford and his closest friends and outlook on life were British.,80.0
,He had been the 25th Vice President before becoming President upon the assassination of President William McKinley.,177.0
,He has also been active in the Defense Policy Board of the Pentagon while it was chaired by Richard Perle.,251.0
,"He has also, at various times in his career, held positions with the American Bar Association, on the board of the RAND Corporation, at the Department of Defense, and as a legal advisor with the United States House of Representatives.",249.0
,He has been described as the archetype of the 'Renaissance man' and as a universal genius.,175.0
,He has consulted for the defense contractor Northrop Grumman.,250.0
143.0,"He has rage issues and has been physically and violently abusive, often towards his son, whom he has strangled and even struck on numerous occasions.",
330.0,"He is a prominent member of the Bush family, the younger brother of President George W. Bush and the second son of former President George H. W. Bush and Barbara Bush.",
162.0,He is a sharp shooter from the three point range and also a very accurate free throw shooter.,
,"He is a strong supporter of the Democratic Party and is of mostly Irish American heritage, although he also has some distant German ancestry.",8.0
116.0,He is also notable in that he is the great great great grandfather of President George W. Bush through his son Reverend James Smith Bush.,
40.0,"He is assumed to be the son of Richard Bush and Mary Fairbanks both of Dedham, Massachusetts.",
258.0,He is currently the 46th Vice President of the United States under President George W. Bush.,
,"He is from Midland, Texas, and has a ranch there.",282.0
,"He is in the Gaullist political family, currently a member of the UMP.",12.0
24.0,"He is infamous for his 1994 appearance on Saturday Night Live as he potrays Mr. Armstrong, a scoutmaster who is a pedophile, he rips his shirt and puts his mouth around Adam Sandler's neck.",
154.0,He is named for his maternal grandfather.,
16.0,He is of three quarters Irish and one quarter French descent.,334.0
97.0,He is of three quarters Irish and one quarter French descent.,334.0
253.0,"He is the leader of the Adalet ve Kalkinma Partisi (AK Party, or Justice and Development Party).",
328.0,"He later became an educator, teaching music theory at the University of the District of Columbia; he was also director of the District of Columbia Music Center jazz workshop band.",242.0
,He later served as the Governor of Massachusetts.,202.0
,He left active duty three years later with the rank of lieutenant colonel.,216.0
244.0,He left his apprenticeship without permission and in so doing became a fugitive.,
117.0,"He left home during the War of 1812 amd married in Rochester on November 8, 1821, Harriet Smith the daughter of Dr. Sanford Smith and Priscilla Whipple Smith.",
,"He lost re-election to Clinton in 1982, and he ran for the governorship again in 1986 but was again defeated by Clinton.",293.0
288.0,"He made his debut as a film director in the 2002 feature Confessions of a Dangerous Mind, an adaptation of the implausible autobiography of groundbreaking TV producer Chuck Barris.",
,"He married Margaret Tyndal Winthrop, who came from a family with deep roots in Massachusetts history going back to the John Winthrop, the first governor of the Massachusetts Bay Colony.",121.0
321.0,"He participated in various commands in the Pacific Theater and earned the rank of lieutenant, commanding a patrol torpedo boat or PT boat.",
160.0,"He passed away from liver disease in his home in Dix Hills, New York.",
,"He passed the exam in 1875 and entered as a freshman the next year, in 1876.",139.0
82.0,"He played Cyrano yet again in the French movie, Cyrano et D'Artagnan.",
22.0,He played William Barrett Travis in a movie about the Alamo called Thirteen Days of Glory.,
298.0,He played a snobby bully opposite Mickey Rooney.,
302.0,He played college football for Alabama and was a teammate of legendary coach Bear Bryant.,
103.0,He predicted in America's Economic Supremacy (1900) that New York would become the world trade center.,
,He published his autobiography in 1913.,157.0
55.0,"He put up even more impressive numbers in his last season (3,819 yards, 36 touchdowns) and finished second in Heisman Trophy voting to The University of Michigan's Charles Woodson, although he was unable to beat arch rival University of Florida for the fourth consecutive time.",
,He received his BA in Economics from Tulane University and his MBA from Tulane in 1979.,110.0
278.0,He received his bachelor's degree in 1965 and master's degree in political science in 1966 both from the University of Wyoming.,
341.0,He regularly delivers speeches in both English and Spanish due to the large number of Spanish speaking residents of Florida.,
,"He represented Maryland in the Continental Congress, and in the federal Congress as both the Representative and a U.S. Senator.",232.0
,"He returned to the United States and graduated from Franklin and Marshall College in Lancaster, Pennsylvania, where he was active in drama.",69.0
,He served as an F-102 pilot until 1972.,327.0
,"He served as the Governor of California from January 2, 1939 until January 4, 1943, and was the only Democrat elected to that office between 1898 and 1954.",35.0
269.0,"He served in the United States Army in World War II, then got a law degree from Tulane University.",78.0
,He served in the United States Senate as a Republican from Minnesota.,24.0
,"He served not only as the band's frontman, but as its 'leader and spiritual center'.",239.0
53.0,He shared the honor with Tennessee Titans quarterback Steve McNair.,
256.0,"He soon recorded Desireless, and it became a hit across Scandinavia and the rest of Europe, and an American release came in 1998.",
142.0,"He spends a great deal of his time at Moe's Tavern with his lifelong friends Barney, Carl, Lenny, and bartender Moe.",
215.0,"He started writing his first novel, called The Town and the City.",
,He studied at Juilliard and later at the Manhattan School of Music.,76.0
,He studied law at Columbia University in New York City but his education was interrupted by service with the United States Navy in World War II during which he served with American amphibious forces in Europe and North Africa.,70.0
338.0,"He then enrolled at Phillips Andover, a private boarding school in Massachusetts already attended by his brother George.",103.0
,He then went on to attend and subsequently drop out of Georgetown University Law Center (1957).,90.0
333.0,"He took a job in real estate with Armando Codina, a 32-year-old Cuban immigrant and self-made American millionaire.",
62.0,He ultimately sank into a condition of mental stupor.,
281.0,He was United States Secretary of Defense from 1987 until 1989.,
,He was a founder of the American Arithmometer Company.,377.0
,He was a founding member of Arbusto Energy company and served as managing general partner of the Texas Rangers baseball team.,374.0
285.0,He was a naval officer from 1952-54.,
203.0,"He was a radio announcer as an affiliate of the Chicago Cubs baseball games, getting only the bare outlines of the game from a ticker and relying on his imagination and storytelling gifts to flesh out the game.",
145.0,"He was also the father of 3 children, including actress Drew Barrymore.",
,"He was also the unsuccessful Republican nominee for President in the 1996 election, losing to the incumbent Bill Clinton.",0.0
123.0,"He was an African-American jazz trumpeter, bandleader, singer, and composer.",191.0
123.0,"He was an African-American jazz trumpeter, bandleader, singer, and composer.",310.0
,"He was born in Cambridge, and educated at Stowe School and Trinity College, Cambridge.",55.0
,"He was born in Montpelier, Vermont, attended Norwich University for two years (1852-1854), and graduated from the Naval Academy in 1858.",64.0
323.0,"He was born in Overisel, Michigan.",
,He was born into a family of Swedish nobility.,53.0
,He was buried at the foot of Hill Cemetery.,1.0
260.0,"He was campaign manager for Ford's 1976 presidential campaign, while James Baker served as campaign chairman.",
148.0,"He was cremated, and the ashes were interred in the Eden Memorial Park Cemetery in Mission Hills, Los Angeles, California.",
212.0,"He was drafted by the San Jose Earthquakes in the third round of the 2005 MLS SuperDraft, but opted to not show up for camp, instead signing with the nearby Sounders.",
,He was educated at Boston Latin School before attending Boston College.,86.0
,"He was educated at Harrow, and in 1869 entered the 83rd Foot.",57.0
88.0,He was educated at Skipton primary school and Ballarat Grammar: he was the last Victorian Premier not to have a university education.,
,He was educated in Carlanstown NS and in St. Patrick's Classical School in Navan.,72.0
,He was elected to the Bulgarian national assembly in 1913 and 1920.,383.0
,"He was first elected to the state legislature in 1811 and served as a colonel of volunteers in the Creek War, and was then elected to the United States House of Representatives.",208.0
191.0,"He was honorably discharged in early 1945, just a few months before the Japanese surrendered.",
304.0,"He was inducted into the College Football Hall of Fame, the South Carolina Sports Hall of Fame, and the Clemson Ring of Honor.",
19.0,He was married to actress Kim Basinger from 1993 to 2002.,122.0
209.0,He was named a first team All-American in his junior and senior seasons.,
327.0,"He was noted for his lyrical playing, and performed with John Coltrane, Dexter Gordon, Hampton Hawes, Jackie McLean, and Ike and Tina Turner, among others.",
,He was one of the founder members of the Lunar Society.,385.0
,"He was previously a star college player at Ole Miss from 1968-1970; in his junior season he finished fourth in the voting for the Heisman Trophy, and in his senior season he finished third.",75.0
192.0,"He was reelected twice, but had a mixed voting record, often diverging from President Harry S. Truman and the rest of the Democratic Party.",
318.0,"He was reelected twice, but had a mixed voting record, often diverging from President Harry S. Truman and the rest of the Democratic Party.",
284.0,He was reportedly less hard-line in policies toward the Soviet Union than Weinberger.,
151.0,"He was the best-known of modern Brazilian writers, with his work translated into some 30 languages and popularized in film, notably Dona Flor and her Two Husbands in 1978.",
,He was the founder and first president of the Naval War College between 1884 and 1886.,387.0
61.0,"He was the son of Frederick V, King of Denmark, and his first consort Louisa, daughter of George II of Great Britain.",
293.0,He was the victim of sexual abuse several times in childhood.,
106.0,He was the younger brother of actors Lionel and Ethel Barrymore and the grandfather of Drew Barrymore.,
308.0,He was the youngest president ever elected and the only Roman Catholic president.,
282.0,"He was undersecretary of Health, Education and Welfare when Weinberger was secretary during the Nixon administration.",
98.0,"He was, for a short time, a commentator opposite Bill Clinton on CBS's 60 Minutes.",36.0
,He went to school in England and graduated from Harvard University.,95.0
,"He worked a year for the accounting firm of Price Waterhouse in San Francisco, and then in August 1940 returned to Harvard to teach in the Business School.",253.0
,"Henry David Reginald Margesson, 1st Viscount Margesson, of Rugby (July 26, 1890-December 24, 1965) was a British Conservative politician most popularly remembered for his tenure as Government Chief Whip in the 1930s.",9.0
,"Henry Ford (July 30, 1863 - April 7, 1947) was the founder of the Henry Ford Motor Company which later became Cadillac and Ford Motor Company.",352.0
12.0,Henry Ford advocated long-time associate Harry Bennett to take the spot.,
,"Henry Ford, with eleven other investors and $28,000 in capital, incorporated the Ford Motor Company in 1903.",353.0
0.0,"Henry Ford, with his son Edsel, founded the Ford Foundation in 1936 as a local philanthropic organization with a broad charter to promote human welfare.",354.0
,Hepburn became the talk of New York City and began getting noticed by Hollywood.,206.0
,"Hepburn was devastated by his death, and for years used his birthday as her own.",231.0
,"Hepburn was fired from this role as well, though she was eventually rehired when the director could not find anyone to replace her.",305.0
,"Hepburn's father was a staunch proponent of publicizing the dangers of venereal disease in a time when such things were not discussed, and her mother campaigned for birth control and equal rights for women.",186.0
137.0,"Her disapproving mother, Jacqueline, lives on but is rarely seen.",
,"Her family denied that it was self-inflicted, arguing that he had been a happy boy; rather, they insisted that it must have been an experimentation gone awry.",225.0
136.0,"Her father, a former flight attendant (air steward), is deceased, although when or how this occurred has not been explained.",
,"Her first movie appearance was in the Columbia Pictures comedy Shampoo (1975) starring Warren Beatty, Julie Christie, and Goldie Hawn, with Lee Grant, and Jack Warden.",286.0
132.0,"Her most notable physical feature is her blue hair, styled into an improbably high beehive.",
,"Her mother was a Lyman, another very old American family.",388.0
174.0,"Her position was a difficult one, as Charles continued to have children by his mistresses, but he insisted that she be treated with respect, and refused to divorce her.",
140.0,"His behaviour is often oafish, clumsy, and insensitive, but he still remains lovable.",
242.0,His brother and the Courant's readers did not initially know the real author.,
243.0,His brother was not impressed when he discovered his popular correspondent was his younger brother.,
111.0,"His dying words were 'Die? I should say not, dear fellow'.",
,"His father was a New York City philanthropist, merchant, and partner in the glass-importing firm Roosevelt and Son.",111.0
239.0,"His father, Josiah Franklin, was a tallow chandler, a maker of candles, who married twice.",
,"His father, Richert Vogt von Koch (1838-1913) was a Lieutenant-Colonel in the Royal Horse Guards of Sweden.",61.0
187.0,"His father, a tanner, and his mother were born in Pennsylvania.",25.0
,His gift of $5 million dollars helped found the Great Smoky Mountains National Park.,360.0
,"His grandfather, also named William Seward Burroughs, founded the Burroughs Adding Machine company, which evolved into the Burroughs Corporation.",365.0
,"His interest in music came early on, possibly a result of his family's general interest in music.",273.0
,"His long academic career included 37 years at the University of Wales, Swansea, between 1945 and 1982, and ten as vice-president of the University College of Wales, Aberystwyth.",56.0
198.0,"His maternal great-grandfather, John Wilson, immigrated to the United States from Paisley, Scotland in the early 1800s.",
56.0,"His mother Jacqueline Kennedy was married to Greek shipping tycoon Aristotle Onassis from 1968 until Onassis's death in 1975, when John was 14 years old.",
,"His mother noted that his personality changed dramatically, with Cobain becoming more withdrawn.",257.0
236.0,"His mother, Abiah Folger, was born in Nantucket, Massachusetts on August 15, 1667, to Peter Folger, a miller and schoolteacher, and his wife Mary Morrill a former indentured servant.",
85.0,His nephew is the actor Jack Davenport.,
163.0,His nickname is Johnny B. Goode.,
146.0,"His parents divorced when John was around 6 years old in 1935, but he claimed (most likely fallaciously) to have met his father only once.",
217.0,"His parents, Leo-Alcide Kerouac and Gabrielle-Ange Lévesque, were natives of the province of Quebec in Canada.",
196.0,"His paternal great-grandfather, Michael Reagan, immigrated to the United States from Ballyporeen, County Tipperary, Ireland in the 1860s.",
199.0,"His presidency was marked by new economic policies, dubbed Reaganomics and a confrontational foreign policy towards the Soviet Union and Socialist movements around the world.",
240.0,"His schooling ended at ten and at 12 he became an apprentice to his brother James, a printer who published the New England Courant.",
231.0,His wife is Barbara Bush.,125.0
207.0,"Hodgkin and Huxley shared the prize that year with John Carew Eccles, who was cited for research on synapses.",
208.0,"Hodgkin and Huxley's findings led the pair to hypothesize ion channels, which were confirmed only decades later.",
305.0,"Howard was born at Barlow Bend, Alabama (""three wagon greasin's from Mobile"").",
261.0,"However, a police arrest card similar to the one that haunted President George W. Bush and maintained by the Rock Springs Police Department shows that Cheney was fined $100 for his second DWI conviction.",
54.0,"However, he posted the third lowest passer rating of his career - 35.5 - in the AFC title game against the New England Patriots, throwing four interceptions in a 24-14 loss.",
230.0,"However, he was not satisfied by the immediate prospects.",
67.0,"However, it is widely believed that Louise was the daughter of Struensee - portrait comparisons have supported this.",
320.0,"However, the U.S. Navy accepted him in September of that year.",
193.0,"However, the U.S. Navy accepted him in September of that year.",
,"I. Lewis Scooter"" Libby Jr. (born August 22, 1950) is the former Chief of Staff and assistant for National Security Affairs to U.S. Vice President Dick Cheney and presidential advisor.""",211.0
,"In 1736 he created the Union Fire Company, the first volunteer firefighting company in America.",350.0
126.0,"In 1814, he was commissioned a lieutenant of engineers in the United States Army.",
,"In 1825 Darwin went to Edinburgh University to study medicine, but his revulsion at the brutality of surgery led him to neglect his medical studies.",51.0
,"In 1827, his father, unhappy that his younger son would not become a physician, enrolled him in a Bachelor of Arts course at Christ's College, University of Cambridge, which would qualify him to be a clergyman.",54.0
,"In 1867, his brother's company, Rockefeller & Andrews, absorbed this refinery, and in 1870, the company became Standard Oil.",380.0
,"In 1870 the two Rockefellers, Andrews, Flagler, and a silent partner, Stephen V. Harkness, formed the Standard Oil Company, with John D. Rockefeller as president.",362.0
165.0,"In 1874, at the age of 23, Gifford was a Lieutenant in the 2nd Battalion, 24th Foot (later the South Wales Borderers), British Army during the First Ashanti Expedition, when the following deed took place for which he was awarded the Victoria Cross:",
14.0,"In 1879, he left home for the nearby city of Detroit to work as an apprentice machinist, first with James F. Flower & Bros., and later with the Detroit Dry Dock Co.",
5.0,"In 1891, Ford became an engineer with the Edison Illuminating Company, and after his promotion to Chief Engineer in 1893, he had enough time and money to devote attention to his personal experiments on internal combustion engines.",
,"In 1896, Baker joined the staff of McClure's, a pioneer muckraking magazine, and quickly rose to prominence along with Lincoln Steffens and Ida Tarbell.",256.0
,"In 1908 he took a job with the prestigious Wall Street firm of Carter, Ledyard and Milburn, dealing mainly with corporate law.",262.0
257.0,"In 1912, his interests developed into using his mathematical skills assisting Henry Moseley on X-ray diffraction.",
,"In 1920, he was nominated Vice President under Warren G.Harding.",203.0
324.0,In 1923 he was awarded the inaugural Bôcher Memorial Prize by the American Mathematical Society.,
,"In 1926, King started his ministerial degree at the Morehouse School of Religion.",60.0
,"In 1934, Banister joined the Federal Bureau of Investigation (FBI).",289.0
,In 1937 he inherited his grandfather's seat on the New York Stock Exchange.,264.0
30.0,In 1945 the Clooney sisters won a spot on Cincinnati's radio station WLW as singers.,272.0
317.0,"In 1946, Representative James Michael Curley vacated his seat in an overwhelmingly Democratic district to become mayor of Boston and Kennedy ran for that seat, beating his Republican opponent by a large margin.",
81.0,In 1950 Ferrer won an Academy Award for his portrayal of Cyrano de Bergerac in the 1950 film of that name.,
26.0,"In 1954 she, along with Bing Crosby, Danny Kaye, and Vera-Ellen, starred in the movie White Christmas.",
75.0,In 1955 Ferrer directed himself in The Shrike.,
77.0,In 1958 Ferrer appeared in I Accuse!,
32.0,"In 1958, Clooney left Columbia, doing a number of recordings for MGM Records and then some for Coral Records.",274.0
315.0,"In 1958, Kennedy published the first edition of his book A Nation of Immigrants, closely following his involvement in the Displaced Persons Act and the 1957 bill to bring families together.",
,"In 1960, Dole was elected as a Republican to the United States House of Representatives for the 87th Congress and to three succeeding Congresses, spanning from January 3, 1961 to January 3, 1969.",2.0
124.0,"In 1962, Clampett created an animated version of the show called Beany and Cecil, which ran on ABC for five years.",240.0
34.0,"In 1964 she went to Reprise again, shifting the next year to Dot Records.",276.0
112.0,"In 1964 she went to Reprise again, shifting the next year to Dot Records.",276.0
35.0,In 1966 she went to United Artists Records.,277.0
,"In 1969, Rodham entered Yale Law School where she served on the Board of Editors of Yale Review of Law and Social Action and worked with underprivileged children at the Yale-New Haven Hospital.",100.0
,"In 1976, Hillary Rodham joined the venerable and influential Rose Law Firm, specializing in intellectual property cases while doing child advocacy cases pro bono.",279.0
36.0,"In 1986 she sang a duet with Wild Man Fischer on ""It's a Hard Business"".",
210.0,"In 1986, Schwarzenegger married TV journalist Maria Shriver, niece of the late President of the United States John F. Kennedy.",120.0
,"In 1988 he was named Minister of the Environment, and in 1990 founded the Green Party G�n�ration Ecologie.",372.0
249.0,"In 1990, he wrote Fighting for Peace, an account of his Pentagon years; in 1996, Weinberger co-authored a book entitled The Next War, which raised questions about the adequacy of U.S. military capabilities following the end of the Cold War.",
,"In 1997, Coppola founded Zoetrope All-Story, a flashy literary magazine that publishes short stories.",371.0
23.0,"In 1998, he began narrating the American version of the children's series Thomas the Tank Engine and Friends.",
,"In 1999 Bush cofounded a educational-software company, Ignite!, which uses multiple intelligence methods to provide varying types of content to appeal to multiple learning styles.",389.0
127.0,"In March 1819 he married Martha Hodgkins of Philadelphia, Pennsylvania.",
343.0,"In November 1977 he was sent to the Venezuelan capital of Caracas, in South America, to open a new operation for the bank.",
102.0,"In The Law of Civilisation and Decay (1895), Adams noted that as new population centers emerged in the west, centers of world trade shifted from Constantinople to Venice to Amsterdam to London.",
,"In addition to featuring in these epochal moments in jazz, he was instrumental in founding Afro-Cuban jazz.",378.0
,"In addition, he helped advance the study of anatomy, astronomy, and civil engineering.",179.0
87.0,"In his later years he became known as the last Australian politician to advocate, and use, capital punishment.",
21.0,"In particular, Baldwin is one of the most frequent hosts of Saturday Night Live, leading the show eleven times and also making cameo appearances regularly.",
,"In retrospect, many now view Gore as a helpful factor in the 1992 campaign.",10.0
168.0,"In the 1970s, Arista also had an extensive jazz line, most notably its Freedom imprint, concentrating on contemporary, sometimes avant-garde, musicians and widely praised reissues from the legendary Savoy label.",
,"In the 40s, Gillespie led the movement called Afro-Cuban music, bringing Latin and African elements to greater prominence in jazz and even pop music, particularly salsa.",379.0
,"In the Senate, he was aligned with the Federalists.",39.0
,"In the mid to late 1930s, she made many recordings with her husband Red Norvo.",138.0
319.0,"In the spring of 1941, Kennedy volunteered for the U.S. Army, but was rejected, mainly because of his troublesome back.",
8.0,"In the years between the wars, Henry Ford supported Adolf Hitler's Nazi regime.",
,"In this year Encke married Amalie Becker (1787–1879), daughter of a bookseller.",126.0
152.0,"In this year, he released his first book, O País do Carnaval.",
,"In true Hepburn fashion, she demanded an outlandish $1,500 per week for film work (at the time she was earning between $80 and $100 per week).",301.0
291.0,It was in Good News (1947) that Lawford won his greatest acclaim as an actor.,
,"It was once mentioned, by Homer, that she actually dyes her hair blue, as she's been ""gray as a mule since seventeen"".",134.0
133.0,"It was once mentioned, by Homer, that she actually dyes her hair blue, as she's been gray as a mule since seventeen.",
216.0,It was published in 1950 and earned him some respect as a writer.,361.0
219.0,Jack didn't start to learn English until the age of six.,366.0
166.0,"James Arlington Wright (December 3, 1927 - March 25, 1980), was an American poet and writer.",212.0
,"James Douglas McKay (June 24, 1893 - July 22, 1959) born in Portland, Oregon, was a Republican from Oregon.",34.0
,"James Tully (18 September 1915 - 20 May 1992) was a prominent Irish trade unionist, politician and Deputy Leader of the Irish Labour Party who served as a minister in a series of Irish Fine Gael-Labour coalition governments.",309.0
,"Janet Flanner (March 13, 1892 - November 7, 1978) was a child of Quakers, an American writer and journalist who served as the Paris correspondent of The New Yorker magazine from its inception in 1925 until she retired in 1975.",209.0
,"Janet Flanner (March 13, 1892 - November 7, 1978) was a child of Quakers, an American writer and journalist who served as the Paris correspondent of The New Yorker magazine from its inception in 1925 until she retired in 1975.",247.0
,"Jason Schwartzman (born June 26, 1980) is an American actor.",336.0
348.0,"Jeb Bush was born in Midland, Texas, where his father was running an oil drilling company.",
,"Joely Fisher (born October 29, 1967) is an American actress.",331.0
,"Johann Franz Encke (September 23, 1791 – August 26, 1865) was a German astronomer, born in Hamburg.",233.0
,"Johann Franz Encke (September 23, 1791 – August 26, 1865) was a German astronomer, born in Hamburg.",342.0
,"John (Calvin) Coolidge (July 4, 1872 - January 5, 1933) was the 30th President of the United States between 1923 to 1929.",200.0
,"John Alston Maxton, Baron Maxton (born May 5, 1936) was a Labour backbench Member of Parliament in the British House of Commons.",3.0
,"John Davison Rockefeller (July 8, 1839 ? May 23, 1937) was an American capitalist most known for his role in the early petroleum industry and the founding of Standard Oil (ExxonMobil is the largest of its descendants).",358.0
329.0,"John Ellis ""Jeb"" Bush (born February 11, 1953), a Republican, is the forty-third and current Governor of Florida.",42.0
307.0,"John Fitzgerald Kennedy (May 29, 1917 - November 22, 1963), also known as JFK, was the 35th president of the United States of America.",
306.0,"John Fitzgerald Kennedy (May 29, 1917 - November 22, 1963), often referred to as Jack Kennedy or JFK, was the 35th President of the United States.",
,"John Francis 'Honey Fitz' Fitzgerald (February 11, 1863–October 2, 1950) was a politician and the grandfather of President John F. Kennedy.",222.0
,"John Snow was born in Toledo, Ohio, on August 2, 1939, and studied at Kenyon College and the University of Toledo, from where he graduated in 1962.",48.0
147.0,"John ran away at age 17 and signed a film contract, but he repeatedly abandoned leading roles and had no major film career.",
161.0,Jon is known in the NBA because of the courage and determination he shows on defense and in the clutch time.,
,"Joseph Forney Johnston (March 23, 1843 - August 8, 1913) was an American Democratic politician who was the Governor of Alabama from 1896 to 1900.",31.0
,"Joseph was born in Boston, the son of Patrick J. Kennedy, a successful businessman and Irish Catholic community leader.",320.0
,"Juan Bautista Alberdi (29 August 1810 - 19 June 1884) was a political theorist and diplomat, born in San Miguel de Tucumán, province of Tucumán, Argentina.",197.0
,"Just before the Battle of Fredericksburg, he was promoted to chief of artillery of the VI Corps as a brigadier general, as of November 29, 1862.",220.0
,"Katharine Houghton Hepburn (May 12, 1907 – June 29, 2003) was an iconic star of American film, television and stage, widely recognized for her sharp wit, New England gentility and fierce independence.",303.0
309.0,"Kennedy is also the only Roman Catholic ever to become President, the first president to serve who was born in the 20th century, the last to die while still in office, the last Democrat from the North to be elected, and the last to be elected while serving in the U.S. Senate.",
311.0,"Kennedy married his second wife Jacqueline Bouvier on September 12, 1953.",
188.0,Kennedy was a member of the prominent Kennedy political family.,
314.0,"Kennedy's other decorations of the Second World War include the Purple Heart, Asiatic-Pacific Campaign Medal, and the World War II Victory Medal.",
214.0,"Kerouac's spontaneous, confessional language style inspired other writers, including Tom Robbins, Richard Brautigan, Hunter S. Thompson, Ken Kesey, and Bob Dylan.",
,"King Jr. became an associate pastor at Ebenezer in 1948, and his father wrote a letter of recommendation for him to Crozer College.",59.0
211.0,"Klaas finished his career at Washington having played in 69 games, scoring ten goals and 21 assists.",
,Koldewey was a self-trained classical era archaeological historian.,41.0
,"Krist Anthony Novoselic (born May 16, 1965, Compton, California) is an American rock musician best known for being the bassist for Nirvana.",349.0
,"Kristen Pfaff (May 26, 1967 - June 15, 1994) was a bass guitarist, best known for her work with Hole.",234.0
,"Kristen was a very talented musician and songwriter, and her superb bass playing was one reason for the success of Hole's 1994 album Live Through This.",235.0
,"Kurt Donald Cobain (February 20, 1967 – ca. April 5, 1994) was the lead singer and guitarist of the American rock band, Nirvana.",304.0
,"Laurance Spelman Rockefeller (May 26, 1910 – July 11, 2004) was a financier, philanthropist, and conservationist.",229.0
177.0,Laurance married Mary French in 1934.,123.0
290.0,Lawford also made his first comedy that same year My Brother Talks To Horses (1947).,
289.0,Lawford later admitted the most terrifying experience of his career was the first musical number he performed.,
297.0,Lawford's first major movie role was A Yank At Eton (1942).,
,"Lee De Forest, (August 26, 1873 – June 30, 1961) was an American inventor with over 300 patents to his name.",326.0
,"Leonardo da Vinci (April 15, 1452 – May 2, 1519) was an Italian Renaissance architect, musician, anatomist, inventor, engineer, sculptor, geometer, and painter.",302.0
,Libby started his government career in the State Department in 1981 under President Ronald Reagan.,248.0
,Libby was a founding member of the Project for the New American Century.,382.0
218.0,"Like many other Quebecers of their generation, the Lévesques and Kerouacs were part of the Quebec emigration to New England to find employment.",
,Lincoln was the first Republican president.,26.0
,"Lisa Marie Presley (born February 1, 1968 in Memphis, Tennessee) is an American singer, daughter of the singer Elvis Presley and his wife Priscilla Beaulieu.",194.0
,"Lisa Marie Presley (born February 1, 1968 in Memphis, Tennessee) is an American singer, daughter of the singer Elvis Presley and his wife Priscilla Beaulieu.",312.0
,"Lovett declined but recommended McNamara; Kennedy had him approached by Sargent Shriver (regarding either the Treasury or the Defense cabinet post), and less than five weeks after becoming president at Ford, McNamara accepted Kennedy's invitation to serve as Secretary of Defense.",218.0
,"Lyman Enos Knapp (November 5, 1837?October 9, 1904) was an American Republican politician who was the Governor of the District of Alaska from 1889 to 1893.",44.0
51.0,Manning's Passer Rating in the Colts' playoff games against the Broncos and Kansas City Chiefs was a perfect 158.3.,
,"Maria Owings Shriver Schwarzenegger (born November 6, 1955), better known as Maria Shriver, is an American television journalist and the First Lady of California.",307.0
,"Maria Shriver married the actor Arnold Schwarzenegger on April 26, 1986.",149.0
,"Married to Almira Geraldine Goodsell, he built up the National City Bank of New York, and his son William Goodsell Rockefeller and Elsie Stillman, daughter of National City Bank president James Stillman, were the parents of James Stillman Rockefeller.",381.0
153.0,"Marvin Pierce Bush (born October 22, 1956) is the youngest son of George H. W. Bush and Barbara Pierce, and brother of George W., John (Jeb), Neil and Dorothy.",
,"Mary Ford (July 7, 1928-September 30, 1977, original name Iris Colleen Summers) was half of a husband-wife musical duo; the other half being Les Paul.",170.0
,"Mary Lilian Baels (November 28, 1916 – June 7, 2002) was best known as Princess de Réthy, the controversial morganatic second wife of King Léopold III of the Belgians.",136.0
271.0,"Mary is one of her father's top campaign aides and closest confidantes and lives in Denver, Colorado.",
37.0,"Michael McManus (born February 5, 1959) is a syndicated columnist who wrote Ethics & Religion.",
,"Michel Goulet (born April 21, 1960 in Peribonka, Quebec) was a Canadian professional ice hockey forward who played for the Quebec Nordiques and Chicago Blackhawks in the National Hockey League.",183.0
,"Miguel Ferrer (born February 7, 1955 in Santa Monica, California) is a Puerto Rican-American actor who is often cast in movies as a villain.",198.0
,"Miguel Ferrer (born February 7, 1955 in Santa Monica, California) is a Puerto Rican-American actor who is often cast in movies as a villain.",315.0
,Miguel played the role of Dr. Garret Macy in NBC's drama Crossing Jordan.,244.0
252.0,"Mildred was the sister of Al Rinker, who also sang with Paul Whiteman.",
,"Mrs. Roosevelt was active in the formations of numerous institutions, most notably the United Nations, United Nations Association and Freedom House.",367.0
,"Newton Cannon (May 22, 1781 - September 16, 1841) was Governor of the U.S. State of Tennessee from 1835 to 1839.",205.0
,"Nicolas Cage (born January 7, 1964) is an American actor.",213.0
,"Niels Fabian Helge von Koch (January 25, 1870 - March 11, 1924) was a Swedish mathematician, who gave his name to the famous fractal known as the Koch curve, which was one of the earliest fractal curves to have been described.",297.0
113.0,No Barrymore would allow such a conventional thing to happen to him.,
139.0,None of the other Bouvier family members approves of Marge's marriage to Homer.,
89.0,"On 2005-04-12, Bob Dole released his biography One Soldier's Story: A Memoir (ISBN 0060763418), which talks of his World War II experiences and his battle to survive his war injuries.",
,"On August 10, 2002 she married Nicolas Cage, someone well-known for his Elvis-obsession.",151.0
38.0,"On January 28, 2005 it was revealed that he accepted money from the George W. Bush administration to promote their marriage initiative program, which he did not disclose to his readers.",
,"On May 23, 1953, she married Robert Sargent Shriver, Jr., who was U.S. ambassador to France from 1968 to 1970, and was Democratic vice-presidential candidate in 1972.",154.0
280.0,"On October 28, Libby was indicted on five felony counts.",
,Once a very young Katharine Hepburn even accompanied her mother to a suffrage rally.,192.0
204.0,"Once in 1934, during the ninth inning of a Cubs-St. Louis Cardinals game, the wire went dead.",
264.0,"One of his first known ancestors was Ralph de Chesney, Sire of Quesnay who fought on the side of William the Conqueror in the Battle of Hastings in 1066.",
115.0,Other accounts of this classic Hollywood tale substitute actor Peter Lorre in the place of Walsh.,
141.0,Over the years he has become one of the notable dads in television and the possible template for most bumbling albeit well-meaning fathers.,
300.0,"Page recorded several live comedy albums for the Laff Records label in the late 1960's and early 1970's; One release, Watch It Sucker!, was titled after Aunt Esther's catchphrase to cash in on her newfound TV fame.",
63.0,"Patti was born Adela Juana Maria Patti to Italian parents in Madrid, Spain.",348.0
,"Paul Frederic Simon (born October 13, 1941 in Newark Heights, New Jersey) is a renowned Jewish American singer and songwriter, receiving Kennedy Center Honors in 2002.",345.0
,President Jimmy Carter appointed Rodham to the board of the Legal Services Corporation in 1978.,280.0
,"Presley married her first husband Danny Keough on October 3, 1988.",152.0
,"Prior to graduating from Maine South High School, she attended Maine East High School, where she served as class president, a member of the student council, a member of the debating team, and as a member of the National Honor Society.",101.0
197.0,"Prior to his immigration, the family name was spelled Regan.",
,"Rather than retire, Adams would go on to win election as a Democratic-Republican to the House of Representatives beginning with the 22nd Congress, serving from March 4, 1831, until his death.",43.0
202.0,Reagan developed an early gift for storytelling and acting.,
205.0,Reagan smoothly improvised a fictional play-by-play (in which hitters on both teams fouled off pitches) until the wire was restored.,
200.0,"Reagan tried repeatedly to go overseas for combat duty, but was turned down because of his astigmatism.",
201.0,"Reagan was reelected in a landslide in the 1984 presidential election, defeating Carter's Vice President Walter Mondale by winning 49 of 50 states and receiving nearly 60 percent of the popular vote.",
,Reagan's presidency is regarded as a turning point for the United States Republican Party and the American conservative movement.,4.0
,Reynolds was inexperienced and did not know how to tap dance.,114.0
,"Richard Bruce Cheney (born January 30, 1941), widely known as Dick Cheney, is an American politician and businessman affiliated with the U.S. Republican Party.",5.0
,"Robert Brown (July 23, 1921 - November 11, 2003) was a British actor best known for his portrayal of M in the James Bond movies, succeeding Bernard Lee, who passed away in 1981.",306.0
,"Robert Emerson 'Bob' Clampett (May 8, 1913–May 4, 1984) was an animator, producer, director, and puppeteer best known for his work on the Looney Tunes series of cartoons from Warner Bros. and the television show Time for Beany.",237.0
,"Robert Henry Dee (born May 18, 1933 in Quincy, Massachusetts) is a former three-sport letterman at Holy Cross College who was one of the first players signed by the Boston Patriots in 1960.",46.0
,"Robert Koldewey (September 10, 1855 – February 4, 1925) was a German architect and archaeologist, famous for his discovery of the Hanging Gardens of Babylon in modern day Iraq.",298.0
,"Robert Strange McNamara (born June 9, 1916) is an American business executive and a former United States Secretary of Defense.",214.0
,"Robert Strange McNamara (born June 9, 1916) is an American business executive and a former United States Secretary of Defense.",318.0
,"Roosevelt was distraught, writing in his diary, 'the light has gone out of my life forever'.",104.0
,"Roosevelt was remarkable for his diverse interests, particularly in leading what he called the 'strenuous life'.",97.0
25.0,"Rosemary Clooney (May 23, 1928 - June 29, 2002) was an American popular singer and actress.",
,"Rosemary Clooney (May 23, 1928 – June 29, 2002) was an American popular singer and actress.",340.0
28.0,"Rosemary Clooney was married three times, twice to Jose Ferrer (from 1953 until 1961 and then again from 1964 to 1967) by whom she had five children, including actor Miguel Ferrer, born in 1955, and Gabriel Ferrer, born 1956, who married Debby Boone, and once to Dante DePaolo (whom she married in 1997).",
,"Rosemary Clooney was married three times, twice to José Ferrer (from 1953 until 1961 and then again from 1964 to 1967) by whom she had five children, including actor Miguel Ferrer, born in 1955, and Gabriel Ferrer, born 1956, who married Debby Boone, and once to Dante DePaolo (whom she married in 1997).",164.0
29.0,"Rosemary, Betty, and brother, Nick, as well as her nephew, George Clooney (Nick's son), all became entertainers.",
,Rupert John Cornford (27 December 1915 - 28 December 1936) was an English poet and communist.,19.0
,"Saint Clare of Assisi, born Chiara Offreduccio, (July 16, 1194 - August 11, 1253) was one of the first followers of Francis of Assisi and founded the Order of Poor Ladies to organize the women who chose to take the Franciscan vow of poverty and celibacy.",373.0
,Samuel Adams (5 June 1805 - 27 February 1850) was a Democratic Governor of the State of Arkansas.,14.0
,"Sara Ann Delano Roosevelt (September 21, 1854 – September 7, 1941) was the wife of James Roosevelt, Sr. and the mother of President of the United States Franklin Delano Roosevelt, her only child.",140.0
,Sarah Vandenbergh (born 9 October 1972 in Australia) is an Australian actress.,204.0
,"She attended Beverly Hills High School, but left to become an actress.",112.0
,"She attended school on the MGM lot and received a diploma from University High School in Los Angeles, on January 26, 1950, the same year she was first married at age 18.",94.0
,"She attended school on the MGM lot and received a diploma from University High School in Los Angeles, on January 26, 1950, the same year she was first married at age 18.",258.0
,She chaired the committee that drafted and approved the Universal Declaration of Human Rights.,368.0
270.0,She currently works for the State Department's Near East Affairs Bureau.,
104.0,"She died from multiple strokes and lung cancer on November 6, 2004 in Tarzana, California at the age of 70.",
176.0,She died in Lisbon in 1705.,
251.0,"She died in Poughkeepsie, New York of heart failure, which was chiefly due to her diabetes.",
71.0,"She died of cancer there on May 11, 1775.",
,She graduated from the University of Vermont in 1902 and went to teach at the Clarke School for the Deaf that autumn.,96.0
,She graduated from the University of Vermont in 1902 and went to teach at the Clarke School for the Deaf that autumn.,263.0
273.0,She has authored or co-authored eight books and numerous articles.,
,"She has pursued a media career, notably as a pundit alongside Conservative Michael Portillo (who also grew up and went to the same school in Harrow), on the BBC's weekly politics digest This Week.",266.0
,"She has two children by her first husband, William LeBlond, and two children by her second husband, Robert P. Koch, whom she married in June 1992 at Camp David.",147.0
,She is a member of the Democratic Party.,40.0
,"She is married to cinematographer Christopher Duddy (married December 31, 1996 – present).",161.0
277.0,"She is now a public speaker and author, and a senior fellow at the American Enterprise Institute.",
131.0,She is the well-meaning and patient wife of Homer.,133.0
,"She married Joseph P. Kennedy, Sr. on October 7, 1914, after a courtship of more than 7 years, and they lived in nearby Brookline, in a house that is now a national historic landmark.",146.0
,She married José Ferrer in 1938; they divorced in 1948.,156.0
274.0,"She served from 1986 to 1996 as Chair of the National Endowment for the Humanities, appointed by Ronald Reagan.",
,She studied acting at the Royal Academy of Dramatic Arts.,88.0
,"She taught at HB Studios, a well-known New York City acting school, starting in 1957, and married its co-founder, Herbert Berghof, on January 25, 1957.",254.0
,"She underwent a lobotomy at the age of 23, after which she was incapacitated for the rest of her life.",168.0
233.0,"She was First Lady of the United States from 1993 to 2001, as the wife of President Bill Clinton.",165.0
,She was Head of Press and Public Relations at Lambeth Council [1986 to 1987].,270.0
,She was a press officer at the Greater London Council [1985 to 1986].,269.0
120.0,She was a researcher and reporter at Thames Television [1980 to 1983].,267.0
,She was a researcher and reporter at the breakfast televsion company TV AM [1983 to 1985].,268.0
275.0,She was at one time a co-host on CNN's Crossfire.,
31.0,"She was born in Maysville, Kentucky, about 60 miles up the Ohio River from Cincinnati, Ohio to Andrew Joseph Clooney and Frances Marie Guilfoyle, both of whom were of Irish descent (Rosemary's paternal great-grandparents, Nicholas Clooney and Bridget Byron, were born in Ireland), although Clooney's paternal grandmother, Crescentia Koch, was German.",
,"She was educated at Bryn Mawr College, receiving a degree in history and philosophy in 1928, the same year she debuted on Broadway after landing a bit part in Night Hostess.",67.0
,She was married to Academy Award-winning actor Nicolas Cage from 1995 until 2001.,169.0
,"She was married to director Spike Jonze on June 26, 1999 but the marriage ended in divorce on December 9, 2003.",155.0
,She was married to singer Paul Simon but divorced after 12 years.,167.0
135.0,"She was named after Margaret Marge Groening, mother of Matt Groening, creator of The Simpsons.",
172.0,"She was not a particularly popular choice of queen, being a Roman Catholic, and her religion prevented her ever being crowned, since she could not take part in an Anglican service.",
169.0,"She was seen as a useful conduit for contracting an alliance between Portugal and England, after the treaty of the Pyrenees in 1659 where Portugal was arguably abandoned by France.",
180.0,"She was very popular and loved by the people, and the Queens borough of New York City was named after her.",
,She won an Emmy Award for Outstanding Lead Actress in 2005 for her role as the psychic Allison DuBois on NBC's Medium.,287.0
164.0,Shortly afterwards he retired from the Army as a brevet major.,174.0
,"Simon has been married three times; he is currently married to Edie Brickell whom he wed on May 30, 1992.",129.0
263.0,"Since his second Wyoming arrest, Cheney has had no further convictions.",
,"Sofia Carmina Coppola (born May 14, 1971 in New York City, New York) is an American film director, actress, producer, and writer.",323.0
,Some of the closest and most trusted advisors to Bush in affairs of policy and politics are women.,344.0
237.0,"Sometime during the second half of 1683, the Franklins left England for Boston, Massachusetts; and while in Boston, they had several more children, including: Josiah Jr. (August 23, 1685), Ann (January 5, 1687), Joseph (February 5, 1688), and Joseph (June 30, 1689) (the first Joseph having died soon after birth).",
255.0,"Soon after he was born, he moved to New York with his father, where he began acting and playing music.",
,"Soon after, she enrolled at London's Central School of Speech and Drama, where she attended 18 months.",113.0
,"Stevo Crvenkovski (March 18, 1947 February 4, 2004) was a Macedonian diplomat.",317.0
68.0,Struensee was arrested and executed in that same year.,
64.0,"Symptoms during this time included paranoia, self-mutilation and hallucinations.",
73.0,"Talia Shire (born April 25, 1946) is an American actress of Italian descent.",292.0
59.0,Taylor was born with dual British and American citizenship.,328.0
221.0,"That year, he also married Rose Fitzgerald, the daughter of John F. Fitzgerald, the Democrat mayor of Boston and probably the most recognized politician in the city.",119.0
76.0,"The Cockleshell Heroes followed a year later, along with The Great Man.",
,"The Hepburn children, at their parents' encouragement, were unafraid of expressing frank views on various topics, including sex.",201.0
,"The Hepburns demanded frequent familial discussions on these topics and more, and as a result the Hepburn children were well versed in social and political issues.",189.0
267.0,The Perrys have four children.,
296.0,The arm injury kept him from being drafted into the armed forces for the Second World War.,
313.0,The book was awarded the 1957 Pulitzer Prize for Biography.,
125.0,The business was dissolved in 1834 due to the difficulties in placing Long's locomotive designs into production.,
235.0,The cgs unit of electric charge has been named after him: one franklin (Fr) is equal to one statcoulomb.,
336.0,"The co-founder, working alongside Bush as a partner, was T. Williard Fair, a well-known local black activist and head of the Greater Miami Urban League.",
92.0,"The contest between the two was bitter, although they differed little on issues.",30.0
,"The election of fellow-Republican Dwight Eisenhower to the presidency saw Rockefeller appointed first as chair of the President's Advisory Committee on Government Organization and later as an undersecretary in the Department of Health, Education, and Welfare.",13.0
42.0,"The family moved around 1810 to Springport, in Cayuga County in the Rochester, New York area.",
128.0,"The following month, as a brevet major in the U.S. Army, he was appointed to lead an expedition through the American West, in areas acquired in the Louisiana Purchase.",
325.0,The mathematician Garrett Birkhoff (1911-1996) was his son.,
66.0,The neglected and lonely Caroline Mathilde drifted into an affair with Struensee.,
299.0,The picture was a smash hit and Lawford's performance was widely praised.,
129.0,"The specific purpose of the voyage was to the find the sources of the Platte, Arkansas, and Red rivers.",
,The sportsmanship Roosevelt showed in that fight was long remembered.,91.0
80.0,"The two were married in 1953, divorced in 1961, and remarried in 1964, only to be divorced again in 1967.",
,The unusual middle name was given to her because Cobain thought she looked like a bean on the first sonogram he saw of her.,252.0
101.0,"Their greed leads to distrust and dishonesty, and eventually the society crumbles.",
342.0,"Their three children, now grown, are George P. (recently married), John E. ""Jeb"" Bush Jr. and Noelle.",
9.0,There is also some evidence that Henry Ford gave Adolf Hitler direct financial backing when Hitler was first starting out in politics.,
6.0,"These experiments culminated in 1896 with the completion of his own self-propelled vehicle named the Quadricycle, which he test-drove on June 4 of that year.",
,"They founded the town of Portsmouth, Rhode Island.",364.0
,They gave her a new first name and cast her for small roles in two movies.,148.0
46.0,"They had five children after which they relocated to Norwich, Vermont where Bush was a Captain of a militia company.",
181.0,"They had four children: Frederick Dent Grant, Ulysses S. (Buck) Grant, Jr., Ellen (Nellie) Grant, and Jesse Root Grant.",
107.0,"They had two children, Dolores Ethel Mae Barrymore and John Drew Barrymore (father of Drew Barrymore).",
,"They lost control of both houses of Congress for the first time in 40 years, in large part due to stalled legislation, including a failed attempt to create a comprehensive health care system under a plan developed by First Lady Hillary Rodham Clinton.",117.0
10.0,"This can in part be traced to statements from Kurt Ludecke, Germany's representative to the U.S. in the 1920s, and Winifred Wagner, daughter-in-law of Richard Wagner, who said they requested funds from Ford to aid the National Socialist movement in Germany.",
227.0,This proved to be an regrettable decision.,
,This technique was particularly useful in his excavation of the Hanging Gardens of Babylon (1899-1917) which was built (ca. 580 BC) using mainly unfired mudbricks.,73.0
,"Thomas Jeffrey Hanks (born July 9, 1956) is an American actor famous for playing notable roles in many popular and critically acclaimed movies.",219.0
,"Thomas Jeffrey Hanks (born July 9, 1956) is an American actor famous for playing notable roles in many popular and critically acclaimed movies.",319.0
159.0,"Though he was active before 1955, his prime years were between 1955 and 1967, during which time he reshaped modern jazz and influenced generations of other musicians.",
195.0,"Though these requests were initially laughed off by Reagan, he says in his autobiography, he eventually gave in, after countless sleepless nights.""""",
44.0,"Through his son Timothy Bush, Jr., who was also a blacksmith, descended two American Presidents -George H. W. Bush and George W. Bush.",
39.0,"Timothy Bush, Sr. (c. 1728 - c. 1815) - soldier.",
232.0,"Two weeks later she married Michael Jackson on May 18, 1994.",150.0
,"Unable to stomach a career as a corporate lawyer, and presented with an opportunity to run for New York Assembly-man in 1881, he dropped out of school to pursue his new goal of entering public life.",131.0
259.0,"Under President Gerald Ford, Cheney became Assistant to the President and the youngest White House Chief of Staff in history.",
183.0,"Upon graduation, Grant adopted the form of his new name with middle initial only, never acknowledging that the 'S' stood for Simpson.",
,"Uta Thyra Hagen (June 12, 1919 - January 14, 2004) was a German-born American actress and acting teacher.",324.0
,"Vasil Petrov Kolarov (July 16, 1877 - January 23, 1950) was a Bulgarian communist political leader.",27.0
,"Walter Ulbricht (June 30, 1893 - August 1, 1973) was a German communist politician.",29.0
326.0,"Webster English Young (December 3, 1932 - December 13, 2003) was an American jazz trumpeter and cornetist.",
96.0,"Webster English Young (December 3, 1932 – December 13, 2003) was an American jazz trumpeter and cornetist.",193.0
96.0,"Webster English Young (December 3, 1932 – December 13, 2003) was an American jazz trumpeter and cornetist.",311.0
18.0,"When Baldwin was young, he had a job as a busboy at famous New York City disco Studio 54.",259.0
346.0,"When Bush was seventeen, he went to Leon, Mexico, as part of his school's student exchange program.",
344.0,"When Bush was six years old, the family moved to Houston, Texas.",
,"When Hepburn was young, she found her older brother, whom she idolized, hanging from the rafters by a rope, dead of an apparent suicide.",217.0
,"When elected President in 2001, Bush asked Rove to give up his direct mail business and join him full-time in Washington.",332.0
229.0,When he first arrived he worked in several printer shops around town.,
268.0,"When he went to the nearby Shrewsbury School the next year, he lived there as a 'boarder'.",52.0
206.0,"When left-wing SLA terrorists kidnapped Patty Hearst in Berkeley and gave a list of demands that included free distribution of food to the poor, Reagan suggested that it would be a good time for an outbreak of botulism.",
108.0,"When she became pregnant, Barrymore proposed marriage.",
,"When she was seven years old, she returned to England for prep school then went on to Sherborne School for Girls.",47.0
226.0,"While Franklin was finding himself in London, Deborah married a man named John Rodgers.",
241.0,While a printing apprentice he wrote under the pseudonym of 'Silence Dogood' who was ostensibly a middle-aged widow.,
347.0,"While attending a motorcycle race, he met a local girl named Columba Garnica Gallo, whom he eventually married.",127.0
213.0,"While enjoying popular but little critical success during his own lifetime, Kerouac is now considered one of America's most important authors.",
94.0,While in the Senate he also served as chairman of the Republican National Committee from 1971 until 1973.,
,"While serving abroad, he met Louisa Catherine Johnson, the daughter of an American merchant living abroad.",128.0
238.0,"While the identity of William's mother remains unknown, perhaps the responsibility of an infant child gave Franklin a reason to take up residence with Deborah Read.",
110.0,"White was later murdered by Nesbit's vengeful husband, Pittsburgh millionaire Harry K. Thaw.",
,Wilhelm was educated at Kassel at the Friedrichsgymnasium and the University of Bonn.,116.0
,"William Clark Falkner (July 6, 1825 or 1826 - November 6, 1889) was a soldier, lawyer, politician, businessman, and author in northern Mississippi.",176.0
,"William Hindman (April 1, 1743 – January 19, 1822) was an American lawyer and statesman from Talbot County, Maryland.",341.0
,"William Wrigley, Jr. (September 30, 1861–January 26, 1932) was a U.S. chewing gum industrialist.",314.0
,"William studied law at the Inns of Court in London, returning to Maryland in 1765.",98.0
,"Wilver Dornel Stargell (March 6, 1940 – April 9, 2001), ('Willie') beloved professional baseball player nicknamed 'Pops' in the later years of his career who played his entire Major League career (1962-1982) with the Pittsburgh Pirates as an outfielder and first baseman.",190.0
228.0,"With Rodgers' fate unknown, and bigamy an offense punishable by public whipping and imprisonment, Deborah was not free to remarry.",
134.0,"With a few exceptions, Marge spends most of her time tending to housework, minding Maggie, being supportive of Lisa, and either disciplining Bart or defending him from Homer's rage.",
2.0,"With his interest in race cars, he formed a second company, the Henry Ford Company.",357.0
119.0,"With the aid of an aunt, the young Clampett designed the first Mickey Mouse dolls for Walt Disney.",241.0
,"Wright later attended Kenyon College, from which he graduated cum laude, after which he received a Fulbright Fellowship and travelled to Austria.",82.0
335.0,"[4] Situated in Liberty City, Dade County, the school is located just outside of greater Miami, in an area plagued by poverty.",
